student_id,name,age,course,python,data_structures,dbms,networks,communication
S2401,Aarav Mehta,19,BCA,82,78,85,74,80
S2402,Priya Nair,19,BCA,91,88,90,84,93
S2403,Rohan Deshmukh,20,BCA,67,58,72,61,70
S2404,Sneha Kulkarni,19,B.Sc IT,76,81,79,73,85
S2405,Mohammed Faiz Shaikh,20,BCA,58,52,64,49,66
S2406,Ananya Iyer,19,B.Sc IT,94,90,88,92,89
S2407,Karan Patil,21,BCA,45,38,52,41,58
S2408,Neha Joshi,20,B.Sc IT,72,69,77,70,74
S2409,Siddharth Rao,19,BCA,85,79,68,77,72
S2410,Pooja Singh,20,B.Sc IT,63,71,66,59,78
S2411,Aditya Chavan,20,BCA,55,61,49,57,63
S2412,Fatima Khan,19,B.Sc IT,88,84,92,80,86
S2413,Vikram Reddy,21,BCA,70,64,73,68,65
S2414,Isha Gupta,19,B.Sc IT,79,83,75,81,90
S2415,Tanmay Bhosale,20,BCA,48,43,56,44,52
S2416,Divya Menon,20,BCA,86,89,83,87,91
